user_id,username,tweet_id,created_at,hour,day_of_week,is_weekend,source,text_length,num_hashtags,num_mentions,num_urls,has_media,likes,retweets,replies,quotes,views,followers,engagement_rate
1056396672,TheGrefg,1925950708634824763,2025-05-23T16:23:26+00:00,16,Friday,False,"<a href=""https://mobile.twitter.com"" rel=""nofollow"">Twitter Web App</a>",37,0,0,1,False,468,12,7,0,160437,8387320,5.806383922397143e-05
1056396672,TheGrefg,1926739804269465607,2025-05-25T20:39:01+00:00,20,Sunday,True,"<a href=""http://twitter.com/download/iphone"" rel=""nofollow"">Twitter for iPhone</a>",193,0,0,1,True,1145,30,13,0,89657,8387320,0.0001416423839796264
1056396672,TheGrefg,1927013738890076447,2025-05-26T14:47:32+00:00,14,Monday,False,"<a href=""https://mobile.twitter.com"" rel=""nofollow"">Twitter Web App</a>",61,0,0,1,False,560,15,9,0,158926,8387320,6.962891603038873e-05
1056396672,TheGrefg,1927115094388769258,2025-05-26T21:30:17+00:00,21,Monday,False,"<a href=""https://mobile.twitter.com"" rel=""nofollow"">Twitter Web App</a>",207,0,0,0,False,1457,43,31,2,184583,8387320,0.00018253744938788552
1056396672,TheGrefg,1927294962237833651,2025-05-27T09:25:01+00:00,9,Tuesday,False,"<a href=""http://twitter.com/download/iphone"" rel=""nofollow"">Twitter for iPhone</a>",105,0,0,0,False,4746,94,20,2,292824,8387320,0.0005794461162802898
1056396672,TheGrefg,1927380430820343856,2025-05-27T15:04:38+00:00,15,Tuesday,False,"<a href=""http://twitter.com/download/iphone"" rel=""nofollow"">Twitter for iPhone</a>",49,0,0,0,False,1723,25,17,0,156264,8387320,0.000210436706838418
1056396672,TheGrefg,1928050882618196007,2025-05-29T11:28:46+00:00,11,Thursday,False,"<a href=""http://twitter.com/download/iphone"" rel=""nofollow"">Twitter for iPhone</a>",80,0,0,0,False,24904,289,62,3,943379,8387320,0.003011092935526485
1056396672,TheGrefg,1928115943990858237,2025-05-29T15:47:18+00:00,15,Thursday,False,"<a href=""https://mobile.twitter.com"" rel=""nofollow"">Twitter Web App</a>",69,0,0,1,False,338,17,6,1,85543,8387320,4.304116213522317e-05
1056396672,TheGrefg,1928168054615089451,2025-05-29T19:14:22+00:00,19,Thursday,False,"<a href=""http://twitter.com/download/iphone"" rel=""nofollow"">Twitter for iPhone</a>",23,0,0,0,True,7717,55,28,5,161974,8387320,0.0009299752483510823
1056396672,TheGrefg,1928180527888056418,2025-05-29T20:03:56+00:00,20,Thursday,False,"<a href=""http://twitter.com/download/iphone"" rel=""nofollow"">Twitter for iPhone</a>",135,0,3,1,True,561,25,6,1,46731,8387320,7.05827367979283e-05
1056396672,TheGrefg,1928475735414481047,2025-05-30T15:36:59+00:00,15,Friday,False,"<a href=""https://mobile.twitter.com"" rel=""nofollow"">Twitter Web App</a>",54,0,0,0,True,13767,330,73,10,533211,8387320,0.0016894550345044662
1056396672,TheGrefg,1928522510414250425,2025-05-30T18:42:51+00:00,18,Friday,False,"<a href=""http://twitter.com/download/iphone"" rel=""nofollow"">Twitter for iPhone</a>",296,0,0,0,True,1861,70,31,1,123724,8387320,0.00023392454323907993
1056396672,TheGrefg,1928527885691732367,2025-05-30T19:04:12+00:00,19,Friday,False,"<a href=""https://mobile.twitter.com"" rel=""nofollow"">Twitter Web App</a>",133,0,1,1,True,800,22,11,0,68513,8387320,9.931658742005789e-05
1056396672,TheGrefg,1928898649674645968,2025-05-31T19:37:29+00:00,19,Saturday,True,"<a href=""http://twitter.com/download/iphone"" rel=""nofollow"">Twitter for iPhone</a>",28,0,0,0,False,20139,172,101,5,1081245,8387320,0.002433673688377217
1056396672,TheGrefg,1928920855549034796,2025-05-31T21:05:44+00:00,21,Saturday,True,"<a href=""http://twitter.com/download/iphone"" rel=""nofollow"">Twitter for iPhone</a>",80,0,1,0,True,0,6555,0,0,2,8387320,0.0007815368914027366
1056396672,TheGrefg,1929230717830988157,2025-06-01T17:37:01+00:00,17,Sunday,True,"<a href=""http://twitter.com/download/iphone"" rel=""nofollow"">Twitter for iPhone</a>",297,0,2,0,True,1997,44,13,0,66519,8387320,0.000244893482065785
1056396672,TheGrefg,1929266792720933026,2025-06-01T20:00:22+00:00,20,Sunday,True,"<a href=""http://twitter.com/download/iphone"" rel=""nofollow"">Twitter for iPhone</a>",34,1,0,1,False,371,14,5,0,116404,8387320,4.649876241755412e-05
1056396672,TheGrefg,1929321744872927531,2025-06-01T23:38:43+00:00,23,Sunday,True,"<a href=""http://twitter.com/download/iphone"" rel=""nofollow"">Twitter for iPhone</a>",132,0,0,1,True,841,19,8,1,60572,8387320,0.00010348955327804352
1165011598672650240,Jynxzi,1868732199157350416,2024-12-16T18:57:30+00:00,18,Monday,False,"<a href=""http://twitter.com/download/iphone"" rel=""nofollow"">Twitter for iPhone</a>",31,0,0,0,True,4552,62,68,2,240141,609082,0.007686978108037998
1165011598672650240,Jynxzi,1868744048472912335,2024-12-16T19:44:35+00:00,19,Monday,False,"<a href=""http://twitter.com/download/iphone"" rel=""nofollow"">Twitter for iPhone</a>",260,0,0,0,False,8063,88,150,20,483444,609082,0.013628706807950326
1165011598672650240,Jynxzi,1868778424728490447,2024-12-16T22:01:11+00:00,22,Monday,False,"<a href=""http://twitter.com/download/iphone"" rel=""nofollow"">Twitter for iPhone</a>",137,0,6,0,False,0,31,0,0,18,609082,5.089626684091797e-05
1165011598672650240,Jynxzi,1871650408734597512,2024-12-24T20:13:25+00:00,20,Tuesday,False,"<a href=""http://twitter.com/download/iphone"" rel=""nofollow"">Twitter for iPhone</a>",22,0,0,0,False,77800,365,906,27,2167546,609082,0.1298199585605879
1165011598672650240,Jynxzi,1877223514454823268,2025-01-09T05:18:57+00:00,5,Thursday,False,"<a href=""http://twitter.com/download/iphone"" rel=""nofollow"">Twitter for iPhone</a>",98,0,2,0,True,0,311,0,0,27,609082,0.0005106044834685641
1165011598672650240,Jynxzi,1888313413303996607,2025-02-08T19:46:15+00:00,19,Saturday,True,"<a href=""http://twitter.com/download/iphone"" rel=""nofollow"">Twitter for iPhone</a>",67,1,1,1,False,229,2,14,1,193014,609082,0.00040224468954919043
1165011598672650240,Jynxzi,1891572757164404747,2025-02-17T19:37:43+00:00,19,Monday,False,"<a href=""http://twitter.com/download/iphone"" rel=""nofollow"">Twitter for iPhone</a>",216,0,1,0,True,9309,284,167,14,490585,609082,0.01602411497959224
1165011598672650240,Jynxzi,1891908172215926945,2025-02-18T17:50:32+00:00,17,Tuesday,False,"<a href=""http://twitter.com/download/iphone"" rel=""nofollow"">Twitter for iPhone</a>",140,0,1,0,False,0,1992,0,0,27,609082,0.003270495598293826
1165011598672650240,Jynxzi,1895185058820170044,2025-02-27T18:51:43+00:00,18,Thursday,False,"<a href=""http://twitter.com/download/iphone"" rel=""nofollow"">Twitter for iPhone</a>",71,0,2,0,True,0,367,0,0,51,609082,0.0006025461267940934
1165011598672650240,Jynxzi,1898537464609816819,2025-03-09T00:52:59+00:00,0,Sunday,True,"<a href=""http://twitter.com/download/iphone"" rel=""nofollow"">Twitter for iPhone</a>",39,0,0,0,True,37240,553,147,5,573930,609082,0.06229046335304606
1165011598672650240,Jynxzi,1915485294746325196,2025-04-24T19:17:36+00:00,19,Thursday,False,"<a href=""http://twitter.com/download/iphone"" rel=""nofollow"">Twitter for iPhone</a>",31,0,0,0,True,18352,601,151,76,679843,609082,0.031365234894480544
1165011598672650240,Jynxzi,1917272585554874386,2025-04-29T17:39:40+00:00,17,Tuesday,False,"<a href=""http://twitter.com/download/iphone"" rel=""nofollow"">Twitter for iPhone</a>",34,0,0,0,True,8806,268,105,58,563684,609082,0.015070220430089872
1165011598672650240,Jynxzi,1923139556250943775,2025-05-15T22:12:55+00:00,22,Thursday,False,"<a href=""http://twitter.com/download/iphone"" rel=""nofollow"">Twitter for iPhone</a>",87,1,2,0,True,0,85,0,0,76,609082,0.0001395542800476783
1165011598672650240,Jynxzi,1924537131583619416,2025-05-19T18:46:22+00:00,18,Monday,False,"<a href=""http://twitter.com/download/iphone"" rel=""nofollow"">Twitter for iPhone</a>",58,0,1,0,True,4946,92,153,5,243177,609082,0.008522661973264683
1165011598672650240,Jynxzi,1924641149240647780,2025-05-20T01:39:42+00:00,1,Tuesday,False,"<a href=""http://twitter.com/download/iphone"" rel=""nofollow"">Twitter for iPhone</a>",140,0,2,0,False,0,50,0,0,128,609082,8.209075296922253e-05
1165011598672650240,Jynxzi,1925595075809067512,2025-05-22T16:50:16+00:00,16,Thursday,False,"<a href=""http://twitter.com/download/iphone"" rel=""nofollow"">Twitter for iPhone</a>",45,0,2,0,False,0,23,0,0,118,609082,3.776174636584237e-05
1542453360,shroud,1916283135781994800,2025-04-27T00:07:57+00:00,0,Sunday,True,"<a href=""http://twitter.com/download/iphone"" rel=""nofollow"">Twitter for iPhone</a>",194,2,1,1,True,1195,27,29,1,157966,1844237,0.0006783293036632494
1542453360,shroud,1918261683208044630,2025-05-02T11:09:59+00:00,11,Friday,False,"<a href=""http://twitter.com/download/iphone"" rel=""nofollow"">Twitter for iPhone</a>",13,0,0,0,False,432,11,11,0,122227,1844237,0.0002461722652782695
1542453360,shroud,1919857208772169783,2025-05-06T20:50:02+00:00,20,Tuesday,False,"<a href=""http://twitter.com/download/iphone"" rel=""nofollow"">Twitter for iPhone</a>",10,0,0,0,False,1081,23,35,0,159562,1844237,0.0006175995818324868
1542453360,shroud,1920678547259089309,2025-05-09T03:13:44+00:00,3,Friday,False,"<a href=""https://mobile.twitter.com"" rel=""nofollow"">Twitter Web App</a>",70,0,6,0,False,186,12,8,1,91796,1844237,0.0001116993097958668
1542453360,shroud,1922711661821014062,2025-05-14T17:52:37+00:00,17,Wednesday,False,"<a href=""http://twitter.com/download/iphone"" rel=""nofollow"">Twitter for iPhone</a>",18,0,0,0,False,696,16,96,5,186428,1844237,0.0004381215646362154
1542453360,shroud,1922741804190839054,2025-05-14T19:52:23+00:00,19,Wednesday,False,"<a href=""http://twitter.com/download/iphone"" rel=""nofollow"">Twitter for iPhone</a>",153,0,0,0,True,796,46,124,8,2727,1844237,0.0005237938507903268
1542453360,shroud,1923442674171847124,2025-05-16T18:17:24+00:00,18,Friday,False,"<a href=""http://twitter.com/download/iphone"" rel=""nofollow"">Twitter for iPhone</a>",128,0,7,0,True,1461,80,54,31,177690,1844237,0.0008648563064291629
1542453360,shroud,1923512332887654641,2025-05-16T22:54:11+00:00,22,Friday,False,"<a href=""http://twitter.com/download/iphone"" rel=""nofollow"">Twitter for iPhone</a>",131,2,1,1,False,89,2,2,0,90394,1844237,5.042735830590103e-05
1542453360,shroud,1923815453673259255,2025-05-17T18:58:41+00:00,18,Saturday,True,"<a href=""http://twitter.com/download/iphone"" rel=""nofollow"">Twitter for iPhone</a>",11,0,0,0,False,180,4,3,0,55482,1844237,0.0001013969462710053
1542453360,shroud,1923832461873774727,2025-05-17T20:06:16+00:00,20,Saturday,True,"<a href=""http://twitter.com/download/iphone"" rel=""nofollow"">Twitter for iPhone</a>",109,0,0,1,True,147,9,1,7,60796,1844237,8.513005649490819e-05
1542453360,shroud,1924221094497837217,2025-05-18T21:50:33+00:00,21,Sunday,True,"<a href=""http://twitter.com/download/iphone"" rel=""nofollow"">Twitter for iPhone</a>",19,0,0,0,False,909,18,75,5,97996,1844237,0.0005433141185216434
1542453360,shroud,1924930666728472957,2025-05-20T20:50:09+00:00,20,Tuesday,False,"<a href=""http://twitter.com/download/iphone"" rel=""nofollow"">Twitter for iPhone</a>",27,0,0,0,False,561,7,41,0,16344,1844237,0.0003302178624547713
1542453360,shroud,1925743644650213534,2025-05-23T02:40:38+00:00,2,Friday,False,"<a href=""http://twitter.com/download/iphone"" rel=""nofollow"">Twitter for iPhone</a>",93,0,0,0,False,1203,11,139,3,231150,1844237,0.0007336367289019795
1542453360,shroud,1926884209664123105,2025-05-26T06:12:50+00:00,6,Monday,False,"<a href=""http://twitter.com/download/iphone"" rel=""nofollow"">Twitter for iPhone</a>",1,0,0,0,False,361,6,43,2,121977,1844237,0.00022231416027332712
1542453360,shroud,1927116493004673139,2025-05-26T21:35:50+00:00,21,Monday,False,"<a href=""http://twitter.com/download/iphone"" rel=""nofollow"">Twitter for iPhone</a>",8,0,0,0,False,229,6,12,0,132807,1844237,0.00013393072582319952
1542453360,shroud,1929600527731773743,2025-06-02T18:06:30+00:00,18,Monday,False,"<a href=""http://twitter.com/download/iphone"" rel=""nofollow"">Twitter for iPhone</a>",2,0,0,0,False,472,4,56,0,82805,1844237,0.00028846617869612205
155620461,OMGitsAliA,1919859771961725340,2025-05-06T21:00:13+00:00,21,Tuesday,False,"<a href=""http://twitter.com/download/iphone"" rel=""nofollow"">Twitter for iPhone</a>",116,0,1,0,True,1812,39,41,2,106578,2383888,0.0007936614471820824
155620461,OMGitsAliA,1920216336292327489,2025-05-07T20:37:05+00:00,20,Wednesday,False,"<a href=""http://twitter.com/download/iphone"" rel=""nofollow"">Twitter for iPhone</a>",58,0,1,0,False,4367,48,57,7,446171,2383888,0.001875927056975831
155620461,OMGitsAliA,1920301774851776816,2025-05-08T02:16:35+00:00,2,Thursday,False,"<a href=""http://twitter.com/download/iphone"" rel=""nofollow"">Twitter for iPhone</a>",36,0,0,0,True,1700,50,29,1,76942,2383888,0.0007462598914042941
155620461,OMGitsAliA,1920538132996297080,2025-05-08T17:55:47+00:00,17,Thursday,False,"<a href=""http://twitter.com/download/iphone"" rel=""nofollow"">Twitter for iPhone</a>",74,0,1,0,True,4193,66,39,5,798,2383888,0.0018029370507339272
155620461,OMGitsAliA,1921050083799302637,2025-05-10T03:50:06+00:00,3,Saturday,True,"<a href=""http://twitter.com/download/iphone"" rel=""nofollow"">Twitter for iPhone</a>",54,0,1,0,True,6206,76,69,8,271692,2383888,0.0026641352278294955
155620461,OMGitsAliA,1921255010853146914,2025-05-10T17:24:24+00:00,17,Saturday,True,"<a href=""http://twitter.com/download/iphone"" rel=""nofollow"">Twitter for iPhone</a>",48,0,1,0,True,7451,93,143,7,458006,2383888,0.00322456424127308
155620461,OMGitsAliA,1921350196522254538,2025-05-10T23:42:38+00:00,23,Saturday,True,"<a href=""http://twitter.com/download/iphone"" rel=""nofollow"">Twitter for iPhone</a>",109,0,0,0,True,22533,365,152,11,730636,2383888,0.00966907841307981
155620461,OMGitsAliA,1922344888294637929,2025-05-13T17:35:11+00:00,17,Tuesday,False,"<a href=""http://twitter.com/download/iphone"" rel=""nofollow"">Twitter for iPhone</a>",66,0,0,0,True,5464,153,86,9,202660,2383888,0.002392310376997577
155620461,OMGitsAliA,1923031860604469564,2025-05-15T15:04:58+00:00,15,Thursday,False,"<a href=""https://twitter.com"" rel=""nofollow"">TweetDeck Web App</a>",224,0,0,1,True,704,23,50,3,90863,2383888,0.0003259381313216057
155620461,OMGitsAliA,1923381783317328357,2025-05-16T14:15:26+00:00,14,Friday,False,"<a href=""https://twitter.com"" rel=""nofollow"">TweetDeck Web App</a>",65,0,0,0,True,2362,131,32,6,174747,2383888,0.001059194056096595
155620461,OMGitsAliA,1924897387845198185,2025-05-20T18:37:54+00:00,18,Tuesday,False,"<a href=""https://twitter.com"" rel=""nofollow"">TweetDeck Web App</a>",46,0,1,0,True,2690,50,38,2,91665,2383888,0.0011653232031035015
155620461,OMGitsAliA,1925226309237584167,2025-05-21T16:24:55+00:00,16,Wednesday,False,"<a href=""https://twitter.com"" rel=""nofollow"">TweetDeck Web App</a>",53,0,0,0,True,223,10,8,0,15140,2383888,0.00010109535347298196
155620461,OMGitsAliA,1925298578097832155,2025-05-21T21:12:05+00:00,21,Wednesday,False,"<a href=""https://twitter.com"" rel=""nofollow"">TweetDeck Web App</a>",104,0,0,0,True,183,12,6,1,23029,2383888,8.43160416932339e-05
155620461,OMGitsAliA,1925932702936519031,2025-05-23T15:11:53+00:00,15,Friday,False,"<a href=""https://twitter.com"" rel=""nofollow"">TweetDeck Web App</a>",42,0,1,0,True,1645,31,34,0,76320,2383888,0.0007173155785842288
155620461,OMGitsAliA,1926991782320968046,2025-05-26T13:20:17+00:00,13,Monday,False,"<a href=""https://twitter.com"" rel=""nofollow"">TweetDeck Web App</a>",66,0,0,0,True,570,22,30,1,33208,2383888,0.0002609182981750821
155620461,OMGitsAliA,1928047413572288545,2025-05-29T11:14:59+00:00,11,Thursday,False,"<a href=""https://mobile.twitter.com"" rel=""nofollow"">Twitter Web App</a>",67,0,0,0,True,2930,135,47,14,298814,2383888,0.0013054304564643977
155620461,OMGitsAliA,1928425760416481466,2025-05-30T12:18:24+00:00,12,Friday,False,"<a href=""http://twitter.com/download/iphone"" rel=""nofollow"">Twitter for iPhone</a>",83,1,0,0,True,279,14,11,1,17329,2383888,0.0001275227695260851
155620461,OMGitsAliA,1928726954334674953,2025-05-31T08:15:14+00:00,8,Saturday,True,"<a href=""http://twitter.com/download/iphone"" rel=""nofollow"">Twitter for iPhone</a>",110,0,1,1,True,417,14,10,0,19931,2383888,0.00018499191237172216
155620461,OMGitsAliA,1928887242082185518,2025-05-31T18:52:10+00:00,18,Saturday,True,"<a href=""http://twitter.com/download/iphone"" rel=""nofollow"">Twitter for iPhone</a>",64,0,0,0,True,363,18,11,0,30538,2383888,0.0001644372554415308
155620461,OMGitsAliA,1929243810103431630,2025-06-01T18:29:02+00:00,18,Sunday,True,"<a href=""https://twitter.com"" rel=""nofollow"">TweetDeck Web App</a>",74,0,0,0,True,508,28,18,2,65923,2383888,0.00023239346814951038
1708443876,Summit1g,1924214970293645428,2025-05-18T21:26:13+00:00,21,Sunday,True,"<a href=""https://mobile.twitter.com"" rel=""nofollow"">Twitter Web App</a>",101,0,0,1,False,60,2,4,0,25298,1000428,6.597176408497163e-05
1708443876,Summit1g,1924555735419027654,2025-05-19T20:00:18+00:00,20,Monday,False,"<a href=""https://mobile.twitter.com"" rel=""nofollow"">Twitter Web App</a>",101,0,0,1,False,114,4,3,0,22137,1000428,0.00012094823415578132
1708443876,Summit1g,1924912442305306921,2025-05-20T19:37:44+00:00,19,Tuesday,False,"<a href=""https://mobile.twitter.com"" rel=""nofollow"">Twitter Web App</a>",186,0,1,1,False,101,4,1,0,22452,1000428,0.00010595465140919687
1708443876,Summit1g,1925020430248587755,2025-05-21T02:46:50+00:00,2,Wednesday,False,"<a href=""https://mobile.twitter.com"" rel=""nofollow"">Twitter Web App</a>",110,0,0,1,False,81,2,3,0,25574,1000428,8.596320774708424e-05
1708443876,Summit1g,1925236835472875889,2025-05-21T17:06:45+00:00,17,Wednesday,False,"<a href=""https://mobile.twitter.com"" rel=""nofollow"">Twitter Web App</a>",135,0,0,1,False,75,3,3,0,21479,1000428,8.096534683155609e-05
1708443876,Summit1g,1925647254725042547,2025-05-22T20:17:36+00:00,20,Thursday,False,"<a href=""https://mobile.twitter.com"" rel=""nofollow"">Twitter Web App</a>",87,0,0,1,False,77,1,1,0,30135,1000428,7.896620246534483e-05
1708443876,Summit1g,1926002920060776634,2025-05-23T19:50:54+00:00,19,Friday,False,"<a href=""https://mobile.twitter.com"" rel=""nofollow"">Twitter Web App</a>",87,0,0,1,False,63,1,0,0,26478,1000428,6.397261971876037e-05
1708443876,Summit1g,1926360248413003788,2025-05-24T19:30:47+00:00,19,Saturday,True,"<a href=""http://twitter.com/download/iphone"" rel=""nofollow"">Twitter for iPhone</a>",51,0,0,0,False,252,4,9,0,52503,1000428,0.00026488662852299215
1708443876,Summit1g,1926380101173662001,2025-05-24T20:49:41+00:00,20,Saturday,True,"<a href=""https://mobile.twitter.com"" rel=""nofollow"">Twitter Web App</a>",87,0,0,1,False,89,4,0,0,26841,1000428,9.296021302882366e-05
1708443876,Summit1g,1926750084462428520,2025-05-25T21:19:52+00:00,21,Sunday,True,"<a href=""https://mobile.twitter.com"" rel=""nofollow"">Twitter Web App</a>",102,0,0,1,False,85,5,1,0,28082,1000428,9.09610686626124e-05
1708443876,Summit1g,1927088529026297989,2025-05-26T19:44:43+00:00,19,Monday,False,"<a href=""https://mobile.twitter.com"" rel=""nofollow"">Twitter Web App</a>",108,0,0,1,False,89,7,2,0,32388,1000428,9.795807394435182e-05
1708443876,Summit1g,1927462700625404201,2025-05-27T20:31:33+00:00,20,Tuesday,False,"<a href=""https://mobile.twitter.com"" rel=""nofollow"">Twitter Web App</a>",87,0,0,1,False,88,3,1,0,24130,1000428,9.196064084571804e-05
1708443876,Summit1g,1927549791581376676,2025-05-28T02:17:37+00:00,2,Wednesday,False,"<a href=""https://mobile.twitter.com"" rel=""nofollow"">Twitter Web App</a>",101,0,2,0,True,0,25,0,0,23,1000428,2.4989304577640768e-05
1708443876,Summit1g,1927603609673384386,2025-05-28T05:51:28+00:00,5,Wednesday,False,"<a href=""https://mobile.twitter.com"" rel=""nofollow"">Twitter Web App</a>",101,0,1,0,True,0,59,0,0,29,1000428,5.897475880323222e-05
1708443876,Summit1g,1927814980193132627,2025-05-28T19:51:23+00:00,19,Wednesday,False,"<a href=""https://mobile.twitter.com"" rel=""nofollow"">Twitter Web App</a>",87,0,0,1,False,80,6,4,0,21106,1000428,8.996149647950677e-05
1708443876,Summit1g,1928170780338127351,2025-05-29T19:25:12+00:00,19,Thursday,False,"<a href=""https://mobile.twitter.com"" rel=""nofollow"">Twitter Web App</a>",100,0,0,1,False,83,5,4,0,20022,1000428,9.196064084571804e-05
1708443876,Summit1g,1928546501204037656,2025-05-30T20:18:11+00:00,20,Friday,False,"<a href=""https://mobile.twitter.com"" rel=""nofollow"">Twitter Web App</a>",141,0,0,1,False,90,2,2,0,23114,1000428,9.395978521192929e-05
1708443876,Summit1g,1928883417917071582,2025-05-31T18:36:58+00:00,18,Saturday,True,"<a href=""https://mobile.twitter.com"" rel=""nofollow"">Twitter Web App</a>",99,0,0,1,False,88,9,2,0,21977,1000428,9.895764612745745e-05
1708443876,Summit1g,1929237919744581705,2025-06-01T18:05:38+00:00,18,Sunday,True,"<a href=""https://mobile.twitter.com"" rel=""nofollow"">Twitter Web App</a>",97,0,0,1,False,78,4,1,0,23078,1000428,8.296449119776736e-05
1708443876,Summit1g,1929632758525317271,2025-06-02T20:14:35+00:00,20,Monday,False,"<a href=""https://mobile.twitter.com"" rel=""nofollow"">Twitter Web App</a>",88,0,0,1,False,76,6,2,0,18452,1000428,8.396406338087299e-05
190946922,Pokelawls,1897760309613310095,2025-03-06T21:24:51+00:00,21,Thursday,False,"<a href=""http://twitter.com/download/iphone"" rel=""nofollow"">Twitter for iPhone</a>",55,0,0,0,False,428,10,15,1,28554,146656,0.0030888610080733146
190946922,Pokelawls,1900751549212577919,2025-03-15T03:30:58+00:00,3,Saturday,True,"<a href=""http://twitter.com/download/iphone"" rel=""nofollow"">Twitter for iPhone</a>",19,0,0,0,False,312,2,29,0,38715,146656,0.0023388064586515383
190946922,Pokelawls,1904336283532714407,2025-03-25T00:55:25+00:00,0,Tuesday,False,"<a href=""http://twitter.com/download/iphone"" rel=""nofollow"">Twitter for iPhone</a>",43,0,0,0,False,210,0,28,0,21962,146656,0.001622845297839843
190946922,Pokelawls,1906189561136300473,2025-03-30T03:39:41+00:00,3,Sunday,True,"<a href=""https://mobile.twitter.com"" rel=""nofollow"">Twitter Web App</a>",50,0,0,0,False,99,0,13,0,18705,146656,0.0007636919048658084
190946922,Pokelawls,1906980229182017974,2025-04-01T08:01:31+00:00,8,Tuesday,False,"<a href=""http://twitter.com/download/iphone"" rel=""nofollow"">Twitter for iPhone</a>",20,0,0,0,False,261,3,10,0,13960,146656,0.0018683176958324242
190946922,Pokelawls,1906992114799431917,2025-04-01T08:48:45+00:00,8,Tuesday,False,"<a href=""https://mobile.twitter.com"" rel=""nofollow"">Twitter Web App</a>",49,0,0,0,False,73,0,6,0,11020,146656,0.0005386755400392756
190946922,Pokelawls,1910899249723679110,2025-04-12T03:34:18+00:00,3,Saturday,True,"<a href=""https://mobile.twitter.com"" rel=""nofollow"">Twitter Web App</a>",96,3,0,0,False,44,2,1,0,12169,146656,0.0003204778529347589
190946922,Pokelawls,1911847962596040820,2025-04-14T18:24:09+00:00,18,Monday,False,"<a href=""http://twitter.com/download/iphone"" rel=""nofollow"">Twitter for iPhone</a>",56,0,0,0,False,91,1,18,1,14453,146656,0.0007500545494217761
190946922,Pokelawls,1912981539010548024,2025-04-17T21:28:35+00:00,21,Thursday,False,"<a href=""http://twitter.com/download/iphone"" rel=""nofollow"">Twitter for iPhone</a>",17,0,0,0,False,407,13,33,1,21714,146656,0.0030888610080733146
190946922,Pokelawls,1914408502279184735,2025-04-21T19:58:49+00:00,19,Monday,False,"<a href=""http://twitter.com/download/iphone"" rel=""nofollow"">Twitter for iPhone</a>",37,0,0,0,True,817,9,20,0,19336,146656,0.00576860135282566
190946922,Pokelawls,1915506628473852062,2025-04-24T20:42:23+00:00,20,Thursday,False,"<a href=""http://twitter.com/download/iphone"" rel=""nofollow"">Twitter for iPhone</a>",54,0,0,0,True,609,2,75,0,22915,146656,0.004677612917303077
190946922,Pokelawls,1915535001510150398,2025-04-24T22:35:07+00:00,22,Thursday,False,"<a href=""http://twitter.com/download/iphone"" rel=""nofollow"">Twitter for iPhone</a>",23,0,0,0,False,175,1,14,0,11362,146656,0.0012955487671830678
190946922,Pokelawls,1916231196964798805,2025-04-26T20:41:33+00:00,20,Saturday,True,"<a href=""https://mobile.twitter.com"" rel=""nofollow"">Twitter Web App</a>",135,1,1,1,True,41,1,2,0,8782,146656,0.00030002181976871047
190946922,Pokelawls,1917279964719612194,2025-04-29T18:08:59+00:00,18,Tuesday,False,"<a href=""https://mobile.twitter.com"" rel=""nofollow"">Twitter Web App</a>",162,3,2,1,True,23,0,1,0,7134,146656,0.00016364826532838753
190946922,Pokelawls,1918416127535010133,2025-05-02T21:23:41+00:00,21,Friday,False,"<a href=""http://twitter.com/download/iphone"" rel=""nofollow"">Twitter for iPhone</a>",95,0,0,0,False,427,2,11,0,1225,146656,0.0030002181976871043
190946922,Pokelawls,1927846115405087112,2025-05-28T21:55:06+00:00,21,Wednesday,False,"<a href=""http://twitter.com/download/iphone"" rel=""nofollow"">Twitter for iPhone</a>",61,0,0,0,False,134,1,8,1,11345,146656,0.000975070914248309
204089551,Syndicate,1927670392191066172,2025-05-28T10:16:50+00:00,10,Wednesday,False,"<a href=""http://twitter.com/download/iphone"" rel=""nofollow"">Twitter for iPhone</a>",89,1,0,1,False,235,5,3,0,38579,1958706,0.0001240614977439187
204089551,Syndicate,1927814859632112061,2025-05-28T19:50:54+00:00,19,Wednesday,False,"<a href=""https://mobile.twitter.com"" rel=""nofollow"">Twitter Web App</a>",188,0,1,1,True,345,16,9,0,35145,1958706,0.00018890022290226304
204089551,Syndicate,1927841242873823389,2025-05-28T21:35:44+00:00,21,Wednesday,False,"<a href=""https://mobile.twitter.com"" rel=""nofollow"">Twitter Web App</a>",138,0,1,1,False,387,18,21,1,84145,1958706,0.00021749052690909202
204089551,Syndicate,1928045510822154546,2025-05-29T11:07:25+00:00,11,Thursday,False,"<a href=""http://twitter.com/download/iphone"" rel=""nofollow"">Twitter for iPhone</a>",48,0,0,0,True,3693,32,59,1,196052,1958706,0.0019318876850328737
204089551,Syndicate,1928054086718357551,2025-05-29T11:41:30+00:00,11,Thursday,False,"<a href=""http://twitter.com/download/iphone"" rel=""nofollow"">Twitter for iPhone</a>",138,0,2,0,False,514,5,43,0,52220,1958706,0.0002869241223542482
204089551,Syndicate,1928190179359215792,2025-05-29T20:42:17+00:00,20,Thursday,False,"<a href=""http://twitter.com/download/iphone"" rel=""nofollow"">Twitter for iPhone</a>",56,0,0,0,False,815,12,66,0,65153,1958706,0.0004559132406803267
204089551,Syndicate,1928190253581365399,2025-05-29T20:42:35+00:00,20,Thursday,False,"<a href=""http://twitter.com/download/iphone"" rel=""nofollow"">Twitter for iPhone</a>",140,0,1,0,False,0,9,0,0,15,1958706,4.594870286811803e-06
204089551,Syndicate,1928205748418256899,2025-05-29T21:44:09+00:00,21,Thursday,False,"<a href=""https://mobile.twitter.com"" rel=""nofollow"">Twitter Web App</a>",170,0,1,1,True,331,14,14,0,37274,1958706,0.00018328427032949303
204089551,Syndicate,1928288117397631304,2025-05-30T03:11:27+00:00,3,Friday,False,"<a href=""https://mobile.twitter.com"" rel=""nofollow"">Twitter Web App</a>",95,0,0,0,True,808,14,27,0,57177,1958706,0.0004334494303892468
204089551,Syndicate,1928523913534808448,2025-05-30T18:48:25+00:00,18,Friday,False,"<a href=""http://twitter.com/download/iphone"" rel=""nofollow"">Twitter for iPhone</a>",117,0,1,1,True,321,12,9,0,54226,1958706,0.00017460507089884852
204089551,Syndicate,1928555620082364775,2025-05-30T20:54:25+00:00,20,Friday,False,"<a href=""http://twitter.com/download/iphone"" rel=""nofollow"">Twitter for iPhone</a>",210,0,0,0,False,886,12,35,0,99045,1958706,0.0004763348863994903
204089551,Syndicate,1928614384223309928,2025-05-31T00:47:55+00:00,0,Saturday,True,"<a href=""http://twitter.com/download/iphone"" rel=""nofollow"">Twitter for iPhone</a>",1,0,0,0,False,641,9,43,0,97409,1958706,0.00035380501208450885
204089551,Syndicate,1928888777721745460,2025-05-31T18:58:16+00:00,18,Saturday,True,"<a href=""http://twitter.com/download/iphone"" rel=""nofollow"">Twitter for iPhone</a>",220,0,0,0,False,13335,215,130,13,766693,1958706,0.006984202835953941
204089551,Syndicate,1929241826390593987,2025-06-01T18:21:09+00:00,18,Sunday,True,"<a href=""http://twitter.com/download/iphone"" rel=""nofollow"">Twitter for iPhone</a>",25,0,0,1,False,304,11,14,0,97458,1958706,0.00016796803604012035
204089551,Syndicate,1929573476920115300,2025-06-02T16:19:01+00:00,16,Monday,False,"<a href=""http://twitter.com/download/iphone"" rel=""nofollow"">Twitter for iPhone</a>",58,0,1,0,False,0,5,0,0,23,1958706,2.5527057148954463e-06
204089551,Syndicate,1929601091521462670,2025-06-02T18:08:45+00:00,18,Monday,False,"<a href=""http://twitter.com/download/iphone"" rel=""nofollow"">Twitter for iPhone</a>",132,0,1,1,True,432,13,13,0,28869,1958706,0.0002338278434844229
204089551,Syndicate,1929605657323360535,2025-06-02T18:26:53+00:00,18,Monday,False,"<a href=""http://twitter.com/download/iphone"" rel=""nofollow"">Twitter for iPhone</a>",46,0,0,0,False,670,9,44,0,49574,1958706,0.0003691212463738815
204089551,Syndicate,1929639951022649556,2025-06-02T20:43:09+00:00,20,Monday,False,"<a href=""http://twitter.com/download/iphone"" rel=""nofollow"">Twitter for iPhone</a>",3,0,0,0,False,436,9,16,0,34048,1958706,0.00023535946691336014
204089551,Syndicate,1929644868869017646,2025-06-02T21:02:42+00:00,21,Monday,False,"<a href=""https://mobile.twitter.com"" rel=""nofollow"">Twitter Web App</a>",148,0,1,1,True,193,11,4,1,20473,1958706,0.00010619255773965057
204089551,Syndicate,1929669012277154054,2025-06-02T22:38:38+00:00,22,Monday,False,"<a href=""https://mobile.twitter.com"" rel=""nofollow"">Twitter Web App</a>",80,0,0,1,True,371,14,13,0,22900,1958706,0.00020319537490567753
214201922,Ninja,1905320492984152187,2025-03-27T18:06:19+00:00,18,Thursday,False,"<a href=""http://twitter.com/download/iphone"" rel=""nofollow"">Twitter for iPhone</a>",78,0,1,0,True,0,1859,0,0,6,6528161,0.00028476626112621916
214201922,Ninja,1906393753423577358,2025-03-30T17:11:04+00:00,17,Sunday,True,"<a href=""http://twitter.com/download/iphone"" rel=""nofollow"">Twitter for iPhone</a>",140,0,3,0,False,0,8,0,0,11,6528161,1.2254599725711423e-06
214201922,Ninja,1908225468932714659,2025-04-04T18:29:39+00:00,18,Friday,False,"<a href=""http://twitter.com/download/iphone"" rel=""nofollow"">Twitter for iPhone</a>",196,1,1,0,True,1642,101,60,11,136331,6528161,0.00027618804131822116
214201922,Ninja,1908270295892582532,2025-04-04T21:27:47+00:00,21,Friday,False,"<a href=""http://twitter.com/download/iphone"" rel=""nofollow"">Twitter for iPhone</a>",45,0,0,0,True,10620,410,103,32,634582,6528161,0.0017053807343293157
214201922,Ninja,1910786678597300473,2025-04-11T20:06:59+00:00,20,Friday,False,"<a href=""https://mobile.twitter.com"" rel=""nofollow"">Twitter Web App</a>",88,0,1,0,True,8944,416,170,54,515038,6528161,0.001459829192325373
214201922,Ninja,1913613864731619813,2025-04-19T15:21:13+00:00,15,Saturday,True,"<a href=""http://twitter.com/download/iphone"" rel=""nofollow"">Twitter for iPhone</a>",37,0,0,0,True,1082,41,57,5,401173,6528161,0.00018075534595424347
214201922,Ninja,1915507728233226579,2025-04-24T20:46:45+00:00,20,Thursday,False,"<a href=""http://twitter.com/download/iphone"" rel=""nofollow"">Twitter for iPhone</a>",26,0,0,0,True,5270,137,245,63,614331,6528161,0.0008657874706215119
214201922,Ninja,1918096960302600408,2025-05-02T00:15:26+00:00,0,Friday,False,"<a href=""https://mobile.twitter.com"" rel=""nofollow"">Twitter Web App</a>",144,0,5,0,False,0,17,0,0,9,6528161,2.604102441713677e-06
214201922,Ninja,1918722122379059563,2025-05-03T17:39:36+00:00,17,Saturday,True,"<a href=""http://twitter.com/download/iphone"" rel=""nofollow"">Twitter for iPhone</a>",69,0,3,0,True,1710,37,59,2,147473,6528161,0.00027664758880793533
214201922,Ninja,1923386967925948638,2025-05-16T14:36:02+00:00,14,Friday,False,"<a href=""http://twitter.com/download/iphone"" rel=""nofollow"">Twitter for iPhone</a>",89,0,0,0,True,16073,848,124,57,839565,6528161,0.0026109956540593896
214201922,Ninja,1925203032024760799,2025-05-21T14:52:26+00:00,14,Wednesday,False,"<a href=""http://twitter.com/download/iphone"" rel=""nofollow"">Twitter for iPhone</a>",137,0,1,1,True,0,113,0,0,36,6528161,1.7309622112567383e-05
214201922,Ninja,1925938943649783959,2025-05-23T15:36:41+00:00,15,Friday,False,"<a href=""http://twitter.com/download/iphone"" rel=""nofollow"">Twitter for iPhone</a>",140,0,2,0,False,0,5,0,0,1293,6528161,7.659124828569639e-07
214201922,Ninja,1925983918160789895,2025-05-23T18:35:23+00:00,18,Friday,False,"<a href=""http://twitter.com/download/iphone"" rel=""nofollow"">Twitter for iPhone</a>",193,0,1,0,True,1957,25,32,1,236360,6528161,0.00030850954809478505
214201922,Ninja,1926669579511607598,2025-05-25T15:59:58+00:00,15,Sunday,True,"<a href=""http://twitter.com/download/iphone"" rel=""nofollow"">Twitter for iPhone</a>",140,0,1,0,False,0,49,0,0,106,6528161,7.505942331998246e-06
214201922,Ninja,1927020233111335298,2025-05-26T15:13:20+00:00,15,Monday,False,"<a href=""http://twitter.com/download/iphone"" rel=""nofollow"">Twitter for iPhone</a>",131,0,0,0,False,4794,148,63,25,416138,6528161,0.0007666783953398208
214201922,Ninja,1927432757589787010,2025-05-27T18:32:34+00:00,18,Tuesday,False,"<a href=""http://twitter.com/download/iphone"" rel=""nofollow"">Twitter for iPhone</a>",54,0,0,0,True,1239,50,37,2,122405,6528161,0.00020311999045366681
214201922,Ninja,1928195929758199853,2025-05-29T21:05:08+00:00,21,Thursday,False,"<a href=""http://twitter.com/download/iphone"" rel=""nofollow"">Twitter for iPhone</a>",72,0,0,1,True,165,10,14,0,62639,6528161,2.8951491851993234e-05
2163885564,Myth_,1919538056199340450,2025-05-05T23:41:50+00:00,23,Monday,False,"<a href=""https://mobile.twitter.com"" rel=""nofollow"">Twitter Web App</a>",245,0,0,0,False,5023,48,236,15,1392007,2404818,0.002206819809232965
2163885564,Myth_,1919623338365771912,2025-05-06T05:20:43+00:00,5,Tuesday,False,"<a href=""https://mobile.twitter.com"" rel=""nofollow"">Twitter Web App</a>",43,0,0,0,True,213,3,20,1,66629,2404818,9.813632466157522e-05
2163885564,Myth_,1922362651935445441,2025-05-13T18:45:46+00:00,18,Tuesday,False,"<a href=""https://mobile.twitter.com"" rel=""nofollow"">Twitter Web App</a>",40,0,0,0,False,237,2,16,0,63992,2404818,0.00010603713046060035
2163885564,Myth_,1922451553803198478,2025-05-14T00:39:02+00:00,0,Wednesday,False,"<a href=""https://mobile.twitter.com"" rel=""nofollow"">Twitter Web App</a>",244,1,0,0,False,869,19,75,12,587459,2404818,0.000400446104445326
2163885564,Myth_,1922470651593424982,2025-05-14T01:54:55+00:00,1,Wednesday,False,"<a href=""https://mobile.twitter.com"" rel=""nofollow"">Twitter Web App</a>",23,0,0,0,True,274,2,11,1,82736,2404818,0.0001193437507536953
2163885564,Myth_,1922684260445561237,2025-05-14T16:03:44+00:00,16,Wednesday,False,"<a href=""https://mobile.twitter.com"" rel=""nofollow"">Twitter Web App</a>",266,0,0,0,True,784,10,41,1,85280,2404818,0.00034721962327294623
2163885564,Myth_,1924158912317768001,2025-05-18T17:43:28+00:00,17,Sunday,True,"<a href=""https://mobile.twitter.com"" rel=""nofollow"">Twitter Web App</a>",122,0,0,0,False,360,5,7,0,52285,2404818,0.00015468946090722873
2163885564,Myth_,1925057735789556214,2025-05-21T05:15:04+00:00,5,Wednesday,False,"<a href=""https://mobile.twitter.com"" rel=""nofollow"">Twitter Web App</a>",71,0,1,0,False,299,2,11,0,103742,2404818,0.00012973954785767573
2163885564,Myth_,1926325529721839874,2025-05-24T17:12:50+00:00,17,Saturday,True,"<a href=""https://mobile.twitter.com"" rel=""nofollow"">Twitter Web App</a>",104,0,0,0,False,2790,21,53,1,183319,2404818,0.0011909425162319976
2163885564,Myth_,1926341665834377462,2025-05-24T18:16:57+00:00,18,Saturday,True,"<a href=""https://mobile.twitter.com"" rel=""nofollow"">Twitter Web App</a>",53,0,0,0,True,3845,29,201,1,159331,2404818,0.0016945149279488094
2163885564,Myth_,1927934937975357619,2025-05-29T03:48:03+00:00,3,Thursday,False,"<a href=""https://mobile.twitter.com"" rel=""nofollow"">Twitter Web App</a>",70,0,0,0,True,776,10,5,0,82557,2404818,0.00032892302036994066
2163885564,Myth_,1928102880134975587,2025-05-29T14:55:23+00:00,14,Thursday,False,"<a href=""https://mobile.twitter.com"" rel=""nofollow"">Twitter Web App</a>",23,0,0,0,True,221,1,6,0,60674,2404818,9.480966958830148e-05
2163885564,Myth_,1929706110774399467,2025-06-03T01:06:03+00:00,1,Tuesday,False,"<a href=""https://mobile.twitter.com"" rel=""nofollow"">Twitter Web App</a>",73,0,0,0,False,129,2,3,0,30723,2404818,5.5721472477335085e-05
2260704146,Quackity,1855703748502598088,2024-11-10T20:07:05+00:00,20,Sunday,True,"<a href=""http://twitter.com/download/iphone"" rel=""nofollow"">Twitter for iPhone</a>",145,0,0,0,True,27362,5516,524,287,1021315,5780664,0.005778228937021768
2260704146,Quackity,1860505584518463664,2024-11-24T02:07:52+00:00,2,Sunday,True,"<a href=""https://mobile.twitter.com"" rel=""nofollow"">Twitter Web App</a>",263,0,0,0,True,40525,12338,2559,600,754288,5780664,0.00958747991580206
2260704146,Quackity,1866565755656913165,2024-12-10T19:28:49+00:00,19,Tuesday,False,"<a href=""http://twitter.com/download/iphone"" rel=""nofollow"">Twitter for iPhone</a>",107,0,1,0,True,0,9327,0,0,2,5780664,0.001613482464990181
2260704146,Quackity,1871013950940430384,2024-12-23T02:04:22+00:00,2,Monday,False,"<a href=""https://mobile.twitter.com"" rel=""nofollow"">Twitter Web App</a>",32,0,0,0,True,84844,18190,6174,4994,2263499,5780664,0.018891947361064403
2260704146,Quackity,1871329486136131598,2024-12-23T22:58:11+00:00,22,Monday,False,"<a href=""http://twitter.com/download/iphone"" rel=""nofollow"">Twitter for iPhone</a>",120,0,0,0,True,40150,5168,518,655,1239845,5780664,0.00792919290932668
2260704146,Quackity,1873103802737606815,2024-12-28T20:28:41+00:00,20,Saturday,True,"<a href=""http://twitter.com/download/iphone"" rel=""nofollow"">Twitter for iPhone</a>",176,0,0,0,True,78100,13698,3503,820,1432869,5780664,0.016486168370969147
2260704146,Quackity,1873544793130983764,2024-12-30T01:41:02+00:00,1,Monday,False,"<a href=""https://mobile.twitter.com"" rel=""nofollow"">Twitter Web App</a>",140,0,1,0,False,0,1975,0,0,3,5780664,0.00034165625263810523
2260704146,Quackity,1878602374182531485,2025-01-13T00:38:03+00:00,0,Monday,False,"<a href=""https://mobile.twitter.com"" rel=""nofollow"">Twitter Web App</a>",293,0,0,0,True,122649,20861,5698,2549,4064873,5780664,0.02581156766765894
2260704146,Quackity,1893480313549897905,2025-02-23T01:57:40+00:00,1,Sunday,True,"<a href=""http://twitter.com/download/iphone"" rel=""nofollow"">Twitter for iPhone</a>",140,0,0,0,True,49357,11731,3340,2214,2439810,5780664,0.01114543242783182
2260704146,Quackity,1902435514093015412,2025-03-19T19:02:26+00:00,19,Wednesday,False,"<a href=""http://twitter.com/download/iphone"" rel=""nofollow"">Twitter for iPhone</a>",77,0,0,0,True,64443,8756,930,717,1231586,5780664,0.01282361334268866
2260704146,Quackity,1907237329749880966,2025-04-02T01:03:08+00:00,1,Wednesday,False,"<a href=""http://twitter.com/download/iphone"" rel=""nofollow"">Twitter for iPhone</a>",48,0,0,0,True,126219,11917,2024,5159,3012936,5780664,0.024246349554307257
2260704146,Quackity,1915223442514993260,2025-04-24T01:57:06+00:00,1,Thursday,False,"<a href=""https://mobile.twitter.com"" rel=""nofollow"">Twitter Web App</a>",53,0,0,0,True,75460,19623,5608,7195,9012162,5780664,0.017418587207282763
2260704146,Quackity,1927148769105133879,2025-05-26T23:44:05+00:00,23,Monday,False,"<a href=""http://twitter.com/download/iphone"" rel=""nofollow"">Twitter for iPhone</a>",52,0,0,0,True,46449,11700,2150,3036,1759647,5780664,0.010431154621683598
2260704146,Quackity,1929322852588695686,2025-06-01T23:43:07+00:00,23,Sunday,True,"<a href=""https://mobile.twitter.com"" rel=""nofollow"">Twitter Web App</a>",43,0,1,0,True,0,2616,0,0,2,5780664,0.0004525431680512827
2559865245,Tfue,1854067880767131804,2024-11-06T07:46:44+00:00,7,Wednesday,False,"<a href=""http://twitter.com/download/iphone"" rel=""nofollow"">Twitter for iPhone</a>",23,0,0,0,True,30763,882,186,13,705360,4066596,0.007827431099622388
2559865245,Tfue,1854991987071398004,2024-11-08T20:58:48+00:00,20,Friday,False,"<a href=""http://twitter.com/download/iphone"" rel=""nofollow"">Twitter for iPhone</a>",32,0,0,0,False,1104,21,56,1,138504,4066596,0.00029041488261927174
2559865245,Tfue,1864364674134720642,2024-12-04T17:42:31+00:00,17,Wednesday,False,"<a href=""http://twitter.com/download/iphone"" rel=""nofollow"">Twitter for iPhone</a>",40,0,0,0,True,4988,55,49,2,338589,4066596,0.001252152906263617
2559865245,Tfue,1865104054487032177,2024-12-06T18:40:33+00:00,18,Friday,False,"<a href=""http://twitter.com/download/iphone"" rel=""nofollow"">Twitter for iPhone</a>",51,0,0,0,True,6654,58,112,6,461015,4066596,0.0016780619466502205
2559865245,Tfue,1867304232275341639,2024-12-12T20:23:16+00:00,20,Thursday,False,"<a href=""http://twitter.com/download/iphone"" rel=""nofollow"">Twitter for iPhone</a>",37,0,0,0,False,57986,505,175,12,3901260,4066596,0.014426316260577643
2559865245,Tfue,1872356733861114198,2024-12-26T19:00:06+00:00,19,Thursday,False,"<a href=""http://twitter.com/download/iphone"" rel=""nofollow"">Twitter for iPhone</a>",63,0,0,0,True,15032,264,252,18,1522518,4066596,0.003823345126980895
2559865245,Tfue,1874906965442535626,2025-01-02T19:53:49+00:00,19,Thursday,False,"<a href=""http://twitter.com/download/iphone"" rel=""nofollow"">Twitter for iPhone</a>",52,0,0,0,True,5524,73,209,9,242523,4066596,0.0014277297277624824
2559865245,Tfue,1875617748434428373,2025-01-04T18:58:13+00:00,18,Saturday,True,"<a href=""http://twitter.com/download/iphone"" rel=""nofollow"">Twitter for iPhone</a>",172,0,1,0,True,18444,10290,1315,75,1287535,4066596,0.007389226763612614
2559865245,Tfue,1876750747179610492,2025-01-07T22:00:21+00:00,22,Tuesday,False,"<a href=""http://twitter.com/download/iphone"" rel=""nofollow"">Twitter for iPhone</a>",25,0,0,0,True,1127,44,31,2,198034,4066596,0.0002955789067810031
2559865245,Tfue,1876767917146009683,2025-01-07T23:08:34+00:00,23,Tuesday,False,"<a href=""http://twitter.com/download/iphone"" rel=""nofollow"">Twitter for iPhone</a>",137,1,1,1,True,0,29,0,0,3,4066596,7.13127146143851e-06
2559865245,Tfue,1876776967539765254,2025-01-07T23:44:32+00:00,23,Tuesday,False,"<a href=""http://twitter.com/download/iphone"" rel=""nofollow"">Twitter for iPhone</a>",18,0,0,0,False,3963,51,90,3,549195,4066596,0.001009197864749781
2559865245,Tfue,1877170943224639499,2025-01-09T01:50:03+00:00,1,Thursday,False,"<a href=""http://twitter.com/download/iphone"" rel=""nofollow"">Twitter for iPhone</a>",97,0,5,0,False,344,17,50,4,6875,4066596,0.00010106733002245613
2559865245,Tfue,1877219792060387684,2025-01-09T05:04:10+00:00,5,Thursday,False,"<a href=""http://twitter.com/download/iphone"" rel=""nofollow"">Twitter for iPhone</a>",102,0,2,0,False,269,12,38,2,147655,4066596,7.844398607582361e-05
2559865245,Tfue,1877264309002060205,2025-01-09T08:01:03+00:00,8,Thursday,False,"<a href=""http://twitter.com/download/iphone"" rel=""nofollow"">Twitter for iPhone</a>",76,0,0,0,False,5114,82,162,38,447686,4066596,0.0013175638789788807
2559865245,Tfue,1880784275743916185,2025-01-19T01:08:09+00:00,1,Sunday,True,"<a href=""http://twitter.com/download/iphone"" rel=""nofollow"">Twitter for iPhone</a>",23,0,0,0,True,4506,71,85,5,276813,4066596,0.0011464133639043563
2559865245,Tfue,1889800125171564780,2025-02-12T22:13:55+00:00,22,Wednesday,False,"<a href=""http://twitter.com/download/iphone"" rel=""nofollow"">Twitter for iPhone</a>",23,0,0,0,True,31653,733,276,55,870029,4066596,0.00803177891287947
2559865245,Tfue,1895528924446376024,2025-02-28T17:38:07+00:00,17,Friday,False,"<a href=""http://twitter.com/download/iphone"" rel=""nofollow"">Twitter for iPhone</a>",45,0,0,0,True,6857,84,188,8,575215,4066596,0.0017530632499515564
2559865245,Tfue,1921958985084637472,2025-05-12T16:01:44+00:00,16,Monday,False,"<a href=""http://twitter.com/download/iphone"" rel=""nofollow"">Twitter for iPhone</a>",16,0,0,0,False,1442,18,26,1,165504,4066596,0.0003654161859206078
2708191476,Valkyrae,1917025975323529360,2025-04-29T01:19:43+00:00,1,Tuesday,False,"<a href=""http://twitter.com/download/iphone"" rel=""nofollow"">Twitter for iPhone</a>",26,0,0,0,True,28796,409,236,35,478031,2944526,0.00999855324761948
2708191476,Valkyrae,1919837536744309247,2025-05-06T19:31:52+00:00,19,Tuesday,False,"<a href=""http://twitter.com/download/iphone"" rel=""nofollow"">Twitter for iPhone</a>",125,0,2,1,True,0,145,0,0,180,2944526,4.924391905522315e-05
2708191476,Valkyrae,1921273703087702211,2025-05-10T18:38:41+00:00,18,Saturday,True,"<a href=""http://twitter.com/download/iphone"" rel=""nofollow"">Twitter for iPhone</a>",42,0,0,0,True,30543,854,242,62,519393,2944526,0.010745023137849691
2708191476,Valkyrae,1924949808961487282,2025-05-20T22:06:12+00:00,22,Tuesday,False,"<a href=""http://twitter.com/download/iphone"" rel=""nofollow"">Twitter for iPhone</a>",144,0,4,0,False,0,126,0,0,142,2944526,4.2791267592814597e-05
2708191476,Valkyrae,1926640714877747699,2025-05-25T14:05:16+00:00,14,Sunday,True,"<a href=""http://twitter.com/download/iphone"" rel=""nofollow"">Twitter for iPhone</a>",116,0,0,1,True,8182,177,87,10,345038,2944526,0.0028683733816580325
2708191476,Valkyrae,1927496437903823041,2025-05-27T22:45:36+00:00,22,Tuesday,False,"<a href=""http://twitter.com/download/iphone"" rel=""nofollow"">Twitter for iPhone</a>",28,0,0,0,True,30415,616,200,24,501926,2944526,0.01060646093802534
2708191476,Valkyrae,1928486155776925785,2025-05-30T16:18:23+00:00,16,Friday,False,"<a href=""http://twitter.com/download/iphone"" rel=""nofollow"">Twitter for iPhone</a>",99,0,0,1,True,2877,100,28,0,95100,2944526,0.0010205377707651418
2708191476,Valkyrae,1929325822516568335,2025-06-01T23:54:55+00:00,23,Sunday,True,"<a href=""http://twitter.com/download/iphone"" rel=""nofollow"">Twitter for iPhone</a>",152,0,0,0,True,36978,533,205,41,958396,2944526,0.012808852766115836
2708191476,Valkyrae,1929372083164770454,2025-06-02T02:58:45+00:00,2,Monday,False,"<a href=""http://twitter.com/download/iphone"" rel=""nofollow"">Twitter for iPhone</a>",101,0,1,0,True,36120,265,123,26,1340727,2944526,0.012398599978400598
2708191476,Valkyrae,1929640344272183442,2025-06-02T20:44:43+00:00,20,Monday,False,"<a href=""http://twitter.com/download/iphone"" rel=""nofollow"">Twitter for iPhone</a>",37,0,0,0,True,41619,910,446,76,627404,2944526,0.01459487876826355
272570677,scump,1925763496878256513,2025-05-23T03:59:31+00:00,3,Friday,False,"<a href=""https://mobile.twitter.com"" rel=""nofollow"">Twitter Web App</a>",119,0,4,0,True,5122,141,52,5,239284,2240844,0.002371874168839955
272570677,scump,1925963776689357156,2025-05-23T17:15:21+00:00,17,Friday,False,"<a href=""https://mobile.twitter.com"" rel=""nofollow"">Twitter Web App</a>",78,0,0,1,False,133,2,1,0,67987,2240844,6.0691418054982856e-05
272570677,scump,1925985082310848943,2025-05-23T18:40:01+00:00,18,Friday,False,"<a href=""https://mobile.twitter.com"" rel=""nofollow"">Twitter Web App</a>",55,0,0,0,True,2316,47,4,1,131636,2240844,0.0010562984304128267
272570677,scump,1925988332766437872,2025-05-23T18:52:56+00:00,18,Friday,False,"<a href=""https://mobile.twitter.com"" rel=""nofollow"">Twitter Web App</a>",106,0,1,1,True,854,15,8,0,59792,2240844,0.00039137039436926445
272570677,scump,1925989302141387206,2025-05-23T18:56:47+00:00,18,Friday,False,"<a href=""https://mobile.twitter.com"" rel=""nofollow"">Twitter Web App</a>",44,0,0,0,True,1721,31,8,0,108042,2240844,0.0007854183512997781
272570677,scump,1926003344448917563,2025-05-23T19:52:35+00:00,19,Friday,False,"<a href=""https://mobile.twitter.com"" rel=""nofollow"">Twitter Web App</a>",72,0,0,0,True,3644,89,6,1,110987,2240844,0.0016685677360851537
272570677,scump,1926008129411572138,2025-05-23T20:11:36+00:00,20,Friday,False,"<a href=""https://mobile.twitter.com"" rel=""nofollow"">Twitter Web App</a>",38,0,0,0,True,3923,39,13,2,136563,2240844,0.0017738851968276239
272570677,scump,1926051638189433044,2025-05-23T23:04:29+00:00,23,Friday,False,"<a href=""https://mobile.twitter.com"" rel=""nofollow"">Twitter Web App</a>",37,0,1,0,True,1795,29,4,0,74470,2240844,0.0008157640603272695
272570677,scump,1926322696096244059,2025-05-24T17:01:34+00:00,17,Saturday,True,"<a href=""https://mobile.twitter.com"" rel=""nofollow"">Twitter Web App</a>",160,0,2,0,True,278,4,11,0,49479,2240844,0.00013075430507433807
272570677,scump,1926329797732418033,2025-05-24T17:29:47+00:00,17,Saturday,True,"<a href=""https://mobile.twitter.com"" rel=""nofollow"">Twitter Web App</a>",87,0,0,1,False,224,8,2,0,96662,2240844,0.0001044249398887205
272570677,scump,1926382093614907405,2025-05-24T20:57:36+00:00,20,Saturday,True,"<a href=""https://mobile.twitter.com"" rel=""nofollow"">Twitter Web App</a>",35,0,0,0,True,1308,24,2,1,75159,2240844,0.0005953114094510818
272570677,scump,1926384705953239352,2025-05-24T21:07:59+00:00,21,Saturday,True,"<a href=""https://mobile.twitter.com"" rel=""nofollow"">Twitter Web App</a>",42,0,1,0,True,2729,60,12,5,116211,2240844,0.0012499754556765219
272570677,scump,1926441046814167329,2025-05-25T00:51:51+00:00,0,Sunday,True,"<a href=""https://mobile.twitter.com"" rel=""nofollow"">Twitter Web App</a>",71,0,0,0,True,4441,138,14,3,125008,2240844,0.002049674140636296
272570677,scump,1926688391715819978,2025-05-25T17:14:43+00:00,17,Sunday,True,"<a href=""https://mobile.twitter.com"" rel=""nofollow"">Twitter Web App</a>",67,0,0,1,False,178,10,3,0,88973,2240844,8.523574153310092e-05
272570677,scump,1926693145342796210,2025-05-25T17:33:36+00:00,17,Sunday,True,"<a href=""https://mobile.twitter.com"" rel=""nofollow"">Twitter Web App</a>",71,0,0,0,True,1716,31,3,1,90052,2240844,0.0007809557470310293
272570677,scump,1926697010184192213,2025-05-25T17:48:58+00:00,17,Sunday,True,"<a href=""https://mobile.twitter.com"" rel=""nofollow"">Twitter Web App</a>",35,0,0,0,True,2387,39,12,2,90206,2240844,0.0010879829207209426
272570677,scump,1926719683639509445,2025-05-25T19:19:03+00:00,19,Sunday,True,"<a href=""https://mobile.twitter.com"" rel=""nofollow"">Twitter Web App</a>",63,0,0,0,True,7469,348,52,37,299098,2240844,0.003511623299078383
272570677,scump,1926738212141089270,2025-05-25T20:32:41+00:00,20,Sunday,True,"<a href=""https://mobile.twitter.com"" rel=""nofollow"">Twitter Web App</a>",121,0,5,0,True,8197,308,22,8,218240,2240844,0.00380526265996205
272570677,scump,1929551375433683110,2025-06-02T14:51:11+00:00,14,Monday,False,"<a href=""https://mobile.twitter.com"" rel=""nofollow"">Twitter Web App</a>",85,0,0,2,False,120,7,3,0,35537,2240844,5.801385549373361e-05
272570677,scump,1929622755936182738,2025-06-02T19:34:50+00:00,19,Monday,False,"<a href=""https://mobile.twitter.com"" rel=""nofollow"">Twitter Web App</a>",58,0,0,0,True,3777,92,37,4,164935,2240844,0.0017430932273732576
2830604556,LazarBeam,1864637807219888226,2024-12-05T11:47:51+00:00,11,Thursday,False,"<a href=""https://mobile.twitter.com"" rel=""nofollow"">Twitter Web App</a>",112,0,0,0,False,63911,716,483,87,2676643,2540244,0.025631396039120652
2830604556,LazarBeam,1865043994784457031,2024-12-06T14:41:53+00:00,14,Friday,False,"<a href=""http://twitter.com/download/iphone"" rel=""nofollow"">Twitter for iPhone</a>",38,0,0,0,True,47374,1633,197,34,879073,2540244,0.019369792823051644
2830604556,LazarBeam,1865044327715471864,2024-12-06T14:43:13+00:00,14,Friday,False,"<a href=""http://twitter.com/download/iphone"" rel=""nofollow"">Twitter for iPhone</a>",60,0,0,0,True,29915,427,103,9,621135,2540244,0.011985069150837479
2830604556,LazarBeam,1865540655763824905,2024-12-07T23:35:27+00:00,23,Saturday,True,"<a href=""http://twitter.com/download/iphone"" rel=""nofollow"">Twitter for iPhone</a>",112,0,0,0,False,3075,205,140,19,136061,2540244,0.001346327360678738
2830604556,LazarBeam,1867726458082537822,2024-12-14T00:21:02+00:00,0,Saturday,True,"<a href=""http://twitter.com/download/iphone"" rel=""nofollow"">Twitter for iPhone</a>",38,0,0,0,True,39219,741,1157,57,815909,2540244,0.016186240376908675
2830604556,LazarBeam,1869897812445475000,2024-12-20T00:09:14+00:00,0,Friday,False,"<a href=""http://twitter.com/download/iphone"" rel=""nofollow"">Twitter for iPhone</a>",65,0,0,0,True,16791,317,208,23,592000,2540244,0.006816668005120768
2830604556,LazarBeam,1871671368007463007,2024-12-24T21:36:42+00:00,21,Tuesday,False,"<a href=""http://twitter.com/download/iphone"" rel=""nofollow"">Twitter for iPhone</a>",55,0,0,0,True,34622,521,259,10,735856,2540244,0.013936456497879732
2830604556,LazarBeam,1886738655555018879,2025-02-04T11:28:44+00:00,11,Tuesday,False,"<a href=""http://twitter.com/download/iphone"" rel=""nofollow"">Twitter for iPhone</a>",78,0,1,0,True,0,228,0,0,6,2540244,8.975515737858253e-05
2830604556,LazarBeam,1888774835893129220,2025-02-10T02:19:47+00:00,2,Monday,False,"<a href=""http://twitter.com/download/iphone"" rel=""nofollow"">Twitter for iPhone</a>",16,0,0,0,False,6187,111,96,1,190988,2540244,0.002517081036309898
2830604556,LazarBeam,1889478259508953593,2025-02-12T00:54:56+00:00,0,Wednesday,False,"<a href=""https://mobile.twitter.com"" rel=""nofollow"">Twitter Web App</a>",148,0,0,0,True,24029,321,158,7,335934,2540244,0.009647892092255705
2830604556,LazarBeam,1898404424180969552,2025-03-08T16:04:20+00:00,16,Saturday,True,"<a href=""http://twitter.com/download/iphone"" rel=""nofollow"">Twitter for iPhone</a>",16,0,0,0,False,18753,193,187,9,422208,2540244,0.007531953623352718
2830604556,LazarBeam,1898457859702321468,2025-03-08T19:36:40+00:00,19,Saturday,True,"<a href=""http://twitter.com/download/iphone"" rel=""nofollow"">Twitter for iPhone</a>",33,0,0,0,True,35955,398,73,15,355248,2540244,0.014339567380141435
2830604556,LazarBeam,1904381759955108089,2025-03-25T03:56:07+00:00,3,Tuesday,False,"<a href=""http://twitter.com/download/iphone"" rel=""nofollow"">Twitter for iPhone</a>",54,0,0,0,True,45421,1330,212,52,4562,2540244,0.018487594105133207
2830604556,LazarBeam,1926903723789262900,2025-05-26T07:30:22+00:00,7,Monday,False,"<a href=""https://mobile.twitter.com"" rel=""nofollow"">Twitter Web App</a>",77,0,0,0,False,3433,44,202,3,265344,2540244,0.0014482860701570401
4140881832,DrLupo,1914902253623771157,2025-04-23T04:40:49+00:00,4,Wednesday,False,"<a href=""https://mobile.twitter.com"" rel=""nofollow"">Twitter Web App</a>",57,0,1,0,True,793,24,21,2,46416,1815186,0.0004616606782996343
4140881832,DrLupo,1915024501311492285,2025-04-23T12:46:35+00:00,12,Wednesday,False,"<a href=""http://twitter.com/download/android"" rel=""nofollow"">Twitter for Android</a>",1,0,0,0,False,443,5,14,0,61898,1815186,0.00025451937156853346
4140881832,DrLupo,1915033030101729466,2025-04-23T13:20:28+00:00,13,Wednesday,False,"<a href=""https://studio.twitter.com"" rel=""nofollow"">Twitter Media Studio</a>",102,0,0,3,False,222,21,7,1,384,1815186,0.00013772693266695535
4140881832,DrLupo,1915401776234221800,2025-04-24T13:45:44+00:00,13,Thursday,False,"<a href=""https://studio.twitter.com"" rel=""nofollow"">Twitter Media Studio</a>",104,0,0,3,False,98,4,2,0,26516,1815186,5.729440398945342e-05
4140881832,DrLupo,1915549415789519113,2025-04-24T23:32:24+00:00,23,Thursday,False,"<a href=""https://studio.twitter.com"" rel=""nofollow"">Twitter Media Studio</a>",97,0,0,3,False,110,7,5,0,31588,1815186,6.721074314147421e-05
4140881832,DrLupo,1915737755671302429,2025-04-25T12:00:48+00:00,12,Friday,False,"<a href=""https://studio.twitter.com"" rel=""nofollow"">Twitter Media Studio</a>",107,0,0,3,False,105,7,2,0,29805,1815186,6.280348129613164e-05
4140881832,DrLupo,1915930220546113599,2025-04-26T00:45:35+00:00,0,Saturday,True,"<a href=""http://twitter.com/download/android"" rel=""nofollow"">Twitter for Android</a>",140,0,1,0,False,0,152,0,0,5,1815186,8.373797506150884e-05
4140881832,DrLupo,1916144601326354636,2025-04-26T14:57:27+00:00,14,Saturday,True,"<a href=""https://studio.twitter.com"" rel=""nofollow"">Twitter Media Studio</a>",101,0,0,3,False,102,7,1,0,41157,1815186,6.059985037346035e-05
4140881832,DrLupo,1916298755462070497,2025-04-27T01:10:01+00:00,1,Sunday,True,"<a href=""https://studio.twitter.com"" rel=""nofollow"">Twitter Media Studio</a>",106,0,0,3,False,106,5,3,0,55353,1815186,6.280348129613164e-05
4140881832,DrLupo,1916588667096740011,2025-04-27T20:22:01+00:00,20,Sunday,True,"<a href=""http://twitter.com/download/android"" rel=""nofollow"">Twitter for Android</a>",86,0,2,0,True,0,5,0,0,3,1815186,2.7545386533391067e-06
4140881832,DrLupo,1916864250301079734,2025-04-28T14:37:05+00:00,14,Monday,False,"<a href=""https://studio.twitter.com"" rel=""nofollow"">Twitter Media Studio</a>",89,0,0,3,False,104,3,3,0,48135,1815186,6.059985037346035e-05
4140881832,DrLupo,1917026512546431148,2025-04-29T01:21:51+00:00,1,Tuesday,False,"<a href=""https://studio.twitter.com"" rel=""nofollow"">Twitter Media Studio</a>",88,0,0,3,False,87,4,3,0,477,1815186,5.178532668277521e-05
4140881832,DrLupo,1917222345866948614,2025-04-29T14:20:02+00:00,14,Tuesday,False,"<a href=""https://studio.twitter.com"" rel=""nofollow"">Twitter Media Studio</a>",97,0,0,3,False,91,6,2,0,73552,1815186,5.4539865336114315e-05
4140881832,DrLupo,1917561715513810995,2025-04-30T12:48:34+00:00,12,Wednesday,False,"<a href=""https://studio.twitter.com"" rel=""nofollow"">Twitter Media Studio</a>",240,1,0,4,False,123,9,6,0,134997,1815186,7.602526683215935e-05
4140881832,DrLupo,1917604634123808904,2025-04-30T15:39:06+00:00,15,Wednesday,False,"<a href=""https://mobile.twitter.com"" rel=""nofollow"">Twitter Web App</a>",87,0,1,1,True,132,4,36,3,255536,1815186,9.475612967486527e-05
4140881832,DrLupo,1917760029882515540,2025-05-01T01:56:36+00:00,1,Thursday,False,"<a href=""https://mobile.twitter.com"" rel=""nofollow"">Twitter Web App</a>",281,0,1,0,False,3661,48,1018,191,4171544,1815186,0.0026041408428667916
4140881832,DrLupo,1917937475994964266,2025-05-01T13:41:42+00:00,13,Thursday,False,"<a href=""https://studio.twitter.com"" rel=""nofollow"">Twitter Media Studio</a>",134,0,0,3,False,326,13,302,8,470840,1815186,0.0003531318553580735
4140881832,DrLupo,1918250950839681246,2025-05-02T10:27:20+00:00,10,Friday,False,"<a href=""https://mobile.twitter.com"" rel=""nofollow"">Twitter Web App</a>",279,0,0,0,False,13354,224,3352,491,4045199,1815186,0.009326867880206216
4140881832,DrLupo,1920154263285587993,2025-05-07T16:30:25+00:00,16,Wednesday,False,"<a href=""http://twitter.com/download/android"" rel=""nofollow"">Twitter for Android</a>",235,0,0,0,False,3123,37,479,12,628140,1815186,0.002004753231900202
517077573,markiplier,1712969035498016980,2023-10-13T23:10:18+00:00,23,Friday,False,"<a href=""http://twitter.com/download/iphone"" rel=""nofollow"">Twitter for iPhone</a>",3,0,0,0,False,96605,3924,2472,1051,4412264,13865741,0.007428452615695043
517077573,markiplier,1713604536181699024,2023-10-15T17:15:33+00:00,17,Sunday,True,"<a href=""http://twitter.com/download/iphone"" rel=""nofollow"">Twitter for iPhone</a>",140,0,1,0,False,0,4797,0,0,119,13865741,0.0003459605945329572
517077573,markiplier,1735836085723582791,2023-12-16T01:35:47+00:00,1,Saturday,True,"<a href=""http://twitter.com/download/iphone"" rel=""nofollow"">Twitter for iPhone</a>",140,1,4,0,False,0,651,0,0,180,13865741,4.69502495394945e-05
517077573,markiplier,1738016341385416801,2023-12-22T01:59:21+00:00,1,Friday,False,"<a href=""http://twitter.com/download/iphone"" rel=""nofollow"">Twitter for iPhone</a>",140,2,1,0,False,0,3416,0,0,1513,13865741,0.00024636259973412166
517077573,markiplier,1763755653493907878,2024-03-02T02:38:11+00:00,2,Saturday,True,"<a href=""http://twitter.com/download/iphone"" rel=""nofollow"">Twitter for iPhone</a>",303,1,1,1,True,24725,1158,460,140,1458022,13865741,0.0018998624018723557
517077573,markiplier,1772691750915559562,2024-03-26T18:27:03+00:00,18,Tuesday,False,"<a href=""http://twitter.com/download/iphone"" rel=""nofollow"">Twitter for iPhone</a>",46,0,0,0,True,236692,22401,3949,1042,4605,13865741,0.018970641381517224
517077573,markiplier,1790571013056385464,2024-05-15T02:32:51+00:00,2,Wednesday,False,"<a href=""http://twitter.com/download/iphone"" rel=""nofollow"">Twitter for iPhone</a>",11,0,0,0,False,172159,13229,4557,3206,7937864,13865741,0.013698871196281541
517077573,markiplier,1820858329281040726,2024-08-06T16:23:50+00:00,16,Tuesday,False,"<a href=""http://twitter.com/download/iphone"" rel=""nofollow"">Twitter for iPhone</a>",144,0,1,0,False,0,190,0,0,167,13865741,1.3702837807225738e-05
517077573,markiplier,1822117347605512411,2024-08-10T03:46:43+00:00,3,Saturday,True,"<a href=""http://twitter.com/download/iphone"" rel=""nofollow"">Twitter for iPhone</a>",3,0,0,0,False,74596,3472,2164,1189,3307,13865741,0.005786347804996502
517077573,markiplier,1848474602017853629,2024-10-21T21:21:02+00:00,21,Monday,False,"<a href=""http://twitter.com/download/iphone"" rel=""nofollow"">Twitter for iPhone</a>",222,0,0,0,False,61093,3674,317,45,2046635,13865741,0.004693871030765684
517077573,markiplier,1861203515835830457,2024-11-26T00:21:12+00:00,0,Tuesday,False,"<a href=""https://mobile.twitter.com"" rel=""nofollow"">Twitter Web App</a>",53,0,2,0,True,0,2903,0,0,27,13865741,0.00020936493765461218
517077573,markiplier,1870998478387880106,2024-12-23T01:02:53+00:00,1,Monday,False,"<a href=""http://twitter.com/download/iphone"" rel=""nofollow"">Twitter for iPhone</a>",12,0,0,0,False,270285,17516,1222,307,9700803,13865741,0.020844396271356865
517077573,markiplier,1877156417431298174,2025-01-09T00:52:20+00:00,0,Thursday,False,"<a href=""http://twitter.com/download/iphone"" rel=""nofollow"">Twitter for iPhone</a>",217,0,0,0,False,136556,6396,1270,162,1647246,13865741,0.01040131933807216
517077573,markiplier,1894953743700914279,2025-02-27T03:32:33+00:00,3,Thursday,False,"<a href=""http://twitter.com/download/iphone"" rel=""nofollow"">Twitter for iPhone</a>",101,0,1,0,True,0,1274,0,0,22,13865741,9.188113350739784e-05
517077573,markiplier,1923219571936260392,2025-05-16T03:30:52+00:00,3,Friday,False,"<a href=""http://twitter.com/download/iphone"" rel=""nofollow"">Twitter for iPhone</a>",102,0,1,0,True,0,1288,0,0,33,13865741,9.289081629319341e-05
631800264,SSSniperWolf,1859789453872726451,2024-11-22T02:42:13+00:00,2,Friday,False,"<a href=""https://mobile.twitter.com"" rel=""nofollow"">Twitter Web App</a>",146,0,0,0,False,660,19,111,6,193609,1073854,0.0007356679772110548
631800264,SSSniperWolf,1866967973765976331,2024-12-11T22:07:06+00:00,22,Wednesday,False,"<a href=""http://twitter.com/download/iphone"" rel=""nofollow"">Twitter for iPhone</a>",19,0,1,0,False,0,22692,0,0,8,1073854,0.021131364226421843
631800264,SSSniperWolf,1897687305877590340,2025-03-06T16:34:45+00:00,16,Thursday,False,"<a href=""http://twitter.com/download/iphone"" rel=""nofollow"">Twitter for iPhone</a>",76,0,0,0,True,471,14,31,2,191369,1073854,0.0004805122484062079
631800264,SSSniperWolf,1897768280573853815,2025-03-06T21:56:31+00:00,21,Thursday,False,"<a href=""http://twitter.com/download/iphone"" rel=""nofollow"">Twitter for iPhone</a>",47,0,0,0,True,440,16,38,3,140977,1073854,0.00046002529207881147
631800264,SSSniperWolf,1904739544433357057,2025-03-26T03:37:50+00:00,3,Wednesday,False,"<a href=""http://twitter.com/download/iphone"" rel=""nofollow"">Twitter for iPhone</a>",77,0,0,0,False,815,36,78,6,105987,1073854,0.000865108292188696
631800264,SSSniperWolf,1905072049657377089,2025-03-27T01:39:05+00:00,1,Thursday,False,"<a href=""https://mobile.twitter.com"" rel=""nofollow"">Twitter Web App</a>",67,0,0,0,False,472,40,45,6,81954,1073854,0.000518692485198174
77596200,Jacksepticeye,1873807938495865219,2024-12-30T19:06:40+00:00,19,Monday,False,"<a href=""https://mobile.twitter.com"" rel=""nofollow"">Twitter Web App</a>",86,0,2,0,True,0,215,0,0,11,7627231,2.8188473641351625e-05
77596200,Jacksepticeye,1874182109860069576,2024-12-31T19:53:30+00:00,19,Tuesday,False,"<a href=""https://mobile.twitter.com"" rel=""nofollow"">Twitter Web App</a>",64,0,0,0,True,29857,1037,258,32,1503,7627231,0.00408431316686226
77596200,Jacksepticeye,1877388570802946215,2025-01-09T16:14:50+00:00,16,Thursday,False,"<a href=""https://mobile.twitter.com"" rel=""nofollow"">Twitter Web App</a>",235,0,0,0,False,39263,2083,169,9,646963,7627231,0.005442997596375408
77596200,Jacksepticeye,1887853768324022465,2025-02-07T13:19:47+00:00,13,Friday,False,"<a href=""https://mobile.twitter.com"" rel=""nofollow"">Twitter Web App</a>",106,0,0,0,False,50466,2898,2792,322,1023830,7627231,0.0073625670967615905
77596200,Jacksepticeye,1890768801391583670,2025-02-15T14:23:05+00:00,14,Saturday,True,"<a href=""https://mobile.twitter.com"" rel=""nofollow"">Twitter Web App</a>",60,0,1,0,True,0,573,0,0,302,7627231,7.512555998369526e-05
77596200,Jacksepticeye,1901667878971072656,2025-03-17T16:12:08+00:00,16,Monday,False,"<a href=""https://mobile.twitter.com"" rel=""nofollow"">Twitter Web App</a>",204,0,0,0,False,16882,1457,180,38,336563,7627231,0.002428010899368329
77596200,Jacksepticeye,1902009525885972632,2025-03-18T14:49:43+00:00,14,Tuesday,False,"<a href=""https://mobile.twitter.com"" rel=""nofollow"">Twitter Web App</a>",67,0,1,0,True,0,511,0,0,3,7627231,6.699679084060781e-05
77596200,Jacksepticeye,1906704894519648605,2025-03-31T13:47:26+00:00,13,Monday,False,"<a href=""https://mobile.twitter.com"" rel=""nofollow"">Twitter Web App</a>",129,0,0,0,False,216500,21753,7691,472,6059317,7627231,0.032245516098830626
77596200,Jacksepticeye,1907464736830001247,2025-04-02T16:06:46+00:00,16,Wednesday,False,"<a href=""https://mobile.twitter.com"" rel=""nofollow"">Twitter Web App</a>",54,0,0,0,True,12849,309,219,39,929660,7627231,0.00175384749721098
77596200,Jacksepticeye,1908497297865842929,2025-04-05T12:29:48+00:00,12,Saturday,True,"<a href=""https://mobile.twitter.com"" rel=""nofollow"">Twitter Web App</a>",187,0,0,0,False,28808,388,64,16,599054,7627231,0.0038362545988183654
77596200,Jacksepticeye,1908540717305126990,2025-04-05T15:22:20+00:00,15,Saturday,True,"<a href=""https://mobile.twitter.com"" rel=""nofollow"">Twitter Web App</a>",49,0,0,0,False,30280,759,834,181,500387,7627231,0.0041788428854455835
77596200,Jacksepticeye,1919426065379856540,2025-05-05T16:16:49+00:00,16,Monday,False,"<a href=""https://mobile.twitter.com"" rel=""nofollow"">Twitter Web App</a>",180,0,0,1,False,6944,457,171,36,248700,7627231,0.0009927587088944861
77596200,Jacksepticeye,1919853893514592410,2025-05-06T20:36:52+00:00,20,Tuesday,False,"<a href=""https://mobile.twitter.com"" rel=""nofollow"">Twitter Web App</a>",47,0,0,0,True,38884,1320,245,18,420687,7627231,0.005303235210786195
77596200,Jacksepticeye,1922723221389918348,2025-05-14T18:38:33+00:00,18,Wednesday,False,"<a href=""https://mobile.twitter.com"" rel=""nofollow"">Twitter Web App</a>",48,0,0,0,False,3940,126,109,10,161127,7627231,0.0005473808253611304
77596200,Jacksepticeye,1925872088851665198,2025-05-23T11:11:01+00:00,11,Friday,False,"<a href=""https://mobile.twitter.com"" rel=""nofollow"">Twitter Web App</a>",50,0,0,0,False,17828,644,132,10,465655,7627231,0.0024391551796451427
77596200,Jacksepticeye,1927825662745739672,2025-05-28T20:33:49+00:00,20,Wednesday,False,"<a href=""https://mobile.twitter.com"" rel=""nofollow"">Twitter Web App</a>",97,0,1,0,True,0,714,0,0,3,7627231,9.361195432523283e-05
995979576,TimTheTatman,1918396788836364414,2025-05-02T20:06:51+00:00,20,Friday,False,"<a href=""https://studio.twitter.com"" rel=""nofollow"">Twitter Media Studio</a>",49,0,0,0,True,6138,347,149,31,453896,2817583,0.002354500293336523
995979576,TimTheTatman,1918692079753981970,2025-05-03T15:40:14+00:00,15,Saturday,True,"<a href=""https://mobile.twitter.com"" rel=""nofollow"">Twitter Web App</a>",111,1,1,1,True,178,5,16,1,74405,2817583,7.06279105176316e-05
995979576,TimTheTatman,1919776566424293763,2025-05-06T15:29:35+00:00,15,Tuesday,False,"<a href=""http://twitter.com/download/iphone"" rel=""nofollow"">Twitter for iPhone</a>",73,0,1,0,True,11132,186,232,7,497593,2817583,0.0040992581230082665
995979576,TimTheTatman,1920138831140933820,2025-05-07T15:29:06+00:00,15,Wednesday,False,"<a href=""https://studio.twitter.com"" rel=""nofollow"">Twitter Media Studio</a>",134,0,0,3,False,239,9,18,1,60794,2817583,9.440715677231158e-05
995979576,TimTheTatman,1920502980530364584,2025-05-08T15:36:06+00:00,15,Thursday,False,"<a href=""https://studio.twitter.com"" rel=""nofollow"">Twitter Media Studio</a>",140,0,0,3,False,208,5,10,0,52180,2817583,7.91458494745319e-05
995979576,TimTheTatman,1920577474401914907,2025-05-08T20:32:07+00:00,20,Thursday,False,"<a href=""https://studio.twitter.com"" rel=""nofollow"">Twitter Media Studio</a>",208,1,1,2,False,120,3,3,1,63950,2817583,4.471917952372654e-05
995979576,TimTheTatman,1921946860127752614,2025-05-12T15:13:34+00:00,15,Monday,False,"<a href=""http://twitter.com/download/iphone"" rel=""nofollow"">Twitter for iPhone</a>",47,0,0,1,True,2609,137,175,21,423933,2817583,0.0010367041538794067
995979576,TimTheTatman,1922669226818433529,2025-05-14T15:03:59+00:00,15,Wednesday,False,"<a href=""https://studio.twitter.com"" rel=""nofollow"">Twitter Media Studio</a>",153,0,0,3,False,226,5,15,0,53631,2817583,8.730887430822801e-05
995979576,TimTheTatman,1923042290626331123,2025-05-15T15:46:25+00:00,15,Thursday,False,"<a href=""https://studio.twitter.com"" rel=""nofollow"">Twitter Media Studio</a>",138,0,0,3,False,203,5,8,0,53912,2817583,7.666145061210265e-05
995979576,TimTheTatman,1923067167630565653,2025-05-15T17:25:16+00:00,17,Thursday,False,"<a href=""https://studio.twitter.com"" rel=""nofollow"">Twitter Media Studio</a>",67,0,0,0,True,863,38,81,11,101957,2817583,0.0003485256689865037
995979576,TimTheTatman,1923416593859596732,2025-05-16T16:33:45+00:00,16,Friday,False,"<a href=""https://studio.twitter.com"" rel=""nofollow"">Twitter Media Studio</a>",146,0,0,3,False,198,4,11,0,53366,2817583,7.55967082424901e-05
995979576,TimTheTatman,1924842286002631090,2025-05-20T14:58:57+00:00,14,Tuesday,False,"<a href=""https://studio.twitter.com"" rel=""nofollow"">Twitter Media Studio</a>",140,0,2,3,False,276,4,19,1,66009,2817583,0.0001061193228380495
995979576,TimTheTatman,1925205884214325735,2025-05-21T15:03:46+00:00,15,Wednesday,False,"<a href=""https://studio.twitter.com"" rel=""nofollow"">Twitter Media Studio</a>",206,0,2,3,False,228,11,39,0,58390,2817583,9.866612625076174e-05
995979576,TimTheTatman,1925624208987390304,2025-05-22T18:46:02+00:00,18,Thursday,False,"<a href=""https://mobile.twitter.com"" rel=""nofollow"">Twitter Web App</a>",127,0,0,2,True,244,7,4,0,68335,2817583,9.050310141706562e-05
995979576,TimTheTatman,1925638288238391563,2025-05-22T19:41:59+00:00,19,Thursday,False,"<a href=""https://studio.twitter.com"" rel=""nofollow"">Twitter Media Studio</a>",42,0,0,0,True,1654,51,37,3,115666,2817583,0.0006182604026216796
995979576,TimTheTatman,1925939319534915893,2025-05-23T15:38:10+00:00,15,Friday,False,"<a href=""https://studio.twitter.com"" rel=""nofollow"">Twitter Media Studio</a>",168,0,0,3,False,149,5,7,0,79179,2817583,5.71411738358728e-05
995979576,TimTheTatman,1925995086078161181,2025-05-23T19:19:46+00:00,19,Friday,False,"<a href=""https://studio.twitter.com"" rel=""nofollow"">Twitter Media Studio</a>",38,0,0,0,True,5070,135,116,11,510482,2817583,0.001888498049569436
995979576,TimTheTatman,1928136801023127877,2025-05-29T17:10:11+00:00,17,Thursday,False,"<a href=""https://studio.twitter.com"" rel=""nofollow"">Twitter Media Studio</a>",128,0,0,3,False,174,12,4,1,54552,2817583,6.7433683408794e-05
995979576,TimTheTatman,1928159881502068972,2025-05-29T18:41:53+00:00,18,Thursday,False,"<a href=""https://mobile.twitter.com"" rel=""nofollow"">Twitter Web App</a>",53,0,1,0,False,3527,323,208,12,276912,2817583,0.001440241511962558
995979576,TimTheTatman,1928444345377570993,2025-05-30T13:32:15+00:00,13,Friday,False,"<a href=""https://studio.twitter.com"" rel=""nofollow"">Twitter Media Studio</a>",148,0,0,3,False,215,12,17,0,53067,2817583,8.659904606181966e-05
